emp_id,review_cycle,rating
000101,H1 2025,4
000102,H1 2025,3
000104,H1 2025,5
000105,H1 2025,2
000106,H1 2025,4
000107,H1 2025,4
000110,H1 2025,4
000113,H1 2025,3
000114,H1 2025,5
000115,H1 2025,3
000116,H1 2025,4
000118,H1 2025,4
000119,H1 2025,
000120,H1 2025,5
000121,H1 2025,3
000122,H1 2025,5
000123,H1 2025,4
000124,H1 2025,3
000127,H1 2025,3
000128,H1 2025,4
000129,H1 2025,2
000131,H1 2025,3
000132,H1 2025,1
000133,H1 2025,3
000134,H1 2025,4
000135,H1 2025,3
000136,H1 2025,3
000137,H1 2025,3
000139,H1 2025,5
000141,H1 2025,2
000143,H1 2025,3
000144,H1 2025,3
000146,H1 2025,3
000147,H1 2025,3
000148,H1 2025,4
000149,H1 2025,2
000150,H1 2025,3
000151,H1 2025,3
000152,H1 2025,3
000153,H1 2025,4
000156,H1 2025,5
000157,H1 2025,5
000158,H1 2025,3
000160,H1 2025,4
000161,H1 2025,5
000162,H1 2025,4
000164,H1 2025,2
000165,H1 2025,4
000166,H1 2025,3
000167,H1 2025,2
000168,H1 2025,3
000169,H1 2025,4
000170,H1 2025,4
000171,H1 2025,4
000173,H1 2025,4
000174,H1 2025,3
000175,H1 2025,1
000176,H1 2025,5
000178,H1 2025,4
000179,H1 2025,3
000180,H1 2025,4
000181,H1 2025,4
000182,H1 2025,3
000183,H1 2025,4
000184,H1 2025,2
000185,H1 2025,2
000186,H1 2025,3
000187,H1 2025,3
000188,H1 2025,3
000189,H1 2025,3
000190,H1 2025,2
000191,H1 2025,3
000192,H1 2025,3
000193,H1 2025,3
000194,H1 2025,4
000199,H1 2025,3
000200,H1 2025,4
000201,H1 2025,3
000202,H1 2025,3
000203,H1 2025,3
000204,H1 2025,1
000206,H1 2025,1
000207,H1 2025,4
000208,H1 2025,2
000209,H1 2025,3
000210,H1 2025,5
000211,H1 2025,3
000212,H1 2025,
000213,H1 2025,3
000214,H1 2025,4
000215,H1 2025,3
000216,H1 2025,1
000220,H1 2025,5
000224,H1 2025,3
000225,H1 2025,2
000227,H1 2025,3
000228,H1 2025,5
000231,H1 2025,2
000232,H1 2025,4
000233,H1 2025,3
000236,H1 2025,3
000237,H1 2025,4
000238,H1 2025,3
000239,H1 2025,2
000241,H1 2025,2
000242,H1 2025,3
000243,H1 2025,5
000244,H1 2025,3
000245,H1 2025,4
000247,H1 2025,5
000249,H1 2025,2
000251,H1 2025,3
000252,H1 2025,3
000253,H1 2025,4
000255,H1 2025,3
000256,H1 2025,3
000258,H1 2025,4
000259,H1 2025,3
000260,H1 2025,3
000261,H1 2025,3
000262,H1 2025,3
000263,H1 2025,1
000264,H1 2025,3
000265,H1 2025,1
000266,H1 2025,5
000267,H1 2025,3
000268,H1 2025,3
000270,H1 2025,3
000271,H1 2025,4
000272,H1 2025,2
000273,H1 2025,3
000275,H1 2025,3
000276,H1 2025,4
000278,H1 2025,3
000279,H1 2025,3
000280,H1 2025,5
000283,H1 2025,5
000284,H1 2025,3
000285,H1 2025,3
000286,H1 2025,4
000289,H1 2025,2
000290,H1 2025,2
000291,H1 2025,3
000292,H1 2025,2
000293,H1 2025,3
000294,H1 2025,4
000295,H1 2025,3
000297,H1 2025,3
000298,H1 2025,2
000300,H1 2025,3
000302,H1 2025,4
000303,H1 2025,5
000304,H1 2025,3
000306,H1 2025,3
000307,H1 2025,4
000308,H1 2025,1
000309,H1 2025,4
000310,H1 2025,3
000311,H1 2025,2
000312,H1 2025,3
000313,H1 2025,3
000314,H1 2025,5
000315,H1 2025,3
000316,H1 2025,3
000317,H1 2025,3
000319,H1 2025,3
000320,H1 2025,4
000321,H1 2025,3
000322,H1 2025,3
000323,H1 2025,4
000325,H1 2025,4
000326,H1 2025,4
000327,H1 2025,2
000328,H1 2025,2
000329,H1 2025,3
000330,H1 2025,5
000331,H1 2025,3
000332,H1 2025,5
000333,H1 2025,1
000334,H1 2025,3
000335,H1 2025,4
000336,H1 2025,5
000337,H1 2025,1
000338,H1 2025,5
000339,H1 2025,5
000340,H1 2025,2
000341,H1 2025,4
000342,H1 2025,1
000343,H1 2025,3
000344,H1 2025,4
000346,H1 2025,3
000347,H1 2025,4
000349,H1 2025,2
000350,H1 2025,3
000351,H1 2025,3
000352,H1 2025,3
000353,H1 2025,4
000355,H1 2025,4
000356,H1 2025,2
000357,H1 2025,4
000358,H1 2025,3
000359,H1 2025,3
000361,H1 2025,4
000362,H1 2025,3
000363,H1 2025,3
000364,H1 2025,3
000365,H1 2025,1
000366,H1 2025,3
000368,H1 2025,1
000369,H1 2025,5
000370,H1 2025,2
000371,H1 2025,1
000372,H1 2025,2
000373,H1 2025,4
000374,H1 2025,2
000375,H1 2025,3
000376,H1 2025,3
000377,H1 2025,3
000378,H1 2025,4
000379,H1 2025,2
000380,H1 2025,4
000381,H1 2025,3
000382,H1 2025,4
000383,H1 2025,4
000384,H1 2025,5
000385,H1 2025,2
000386,H1 2025,3
000387,H1 2025,5
000388,H1 2025,4
000389,H1 2025,3
000390,H1 2025,2
000392,H1 2025,3
000393,H1 2025,4
000394,H1 2025,2
000395,H1 2025,3
000398,H1 2025,3
000399,H1 2025,3
000400,H1 2025,3
000401,H1 2025,4
000402,H1 2025,3
000403,H1 2025,1
000404,H1 2025,3
000405,H1 2025,4
000406,H1 2025,3
000407,H1 2025,3
000408,H1 2025,3
000409,H1 2025,3
000410,H1 2025,1
000411,H1 2025,4
000412,H1 2025,2
000415,H1 2025,5
000416,H1 2025,4
000417,H1 2025,5
000418,H1 2025,5
000419,H1 2025,3
000420,H1 2025,4
000421,H1 2025,3
000423,H1 2025,3
000424,H1 2025,3
000425,H1 2025,4
000427,H1 2025,2
000428,H1 2025,2
000430,H1 2025,
000431,H1 2025,3
000433,H1 2025,5
000434,H1 2025,4
000435,H1 2025,3
000436,H1 2025,3
000437,H1 2025,3
000438,H1 2025,4
000439,H1 2025,3
000441,H1 2025,4
000442,H1 2025,3
000444,H1 2025,
000445,H1 2025,3
000446,H1 2025,2
000448,H1 2025,5
000450,H1 2025,1
000452,H1 2025,4
000453,H1 2025,1
000454,H1 2025,3
000455,H1 2025,4
000457,H1 2025,2
000459,H1 2025,1
000462,H1 2025,3
000463,H1 2025,2
000464,H1 2025,3
000465,H1 2025,3
000467,H1 2025,3
000468,H1 2025,3
000470,H1 2025,3
000471,H1 2025,3
000474,H1 2025,3
000475,H1 2025,3
000476,H1 2025,4
000478,H1 2025,3
000479,H1 2025,3
000481,H1 2025,3
000482,H1 2025,3
000483,H1 2025,3
000484,H1 2025,2
000485,H1 2025,3
000486,H1 2025,3
000487,H1 2025,3
000488,H1 2025,3
000490,H1 2025,4
000491,H1 2025,3
000492,H1 2025,5
000493,H1 2025,4
000494,H1 2025,5
000495,H1 2025,5
000496,H1 2025,3
000497,H1 2025,3
000498,H1 2025,4
000499,H1 2025,4
000500,H1 2025,1
000501,H1 2025,3
000502,H1 2025,5
000503,H1 2025,5
000506,H1 2025,4
000507,H1 2025,4
000508,H1 2025,3
000510,H1 2025,3
000511,H1 2025,4
000512,H1 2025,2
000513,H1 2025,3
000514,H1 2025,3
000517,H1 2025,4
000519,H1 2025,3
000521,H1 2025,
000523,H1 2025,4
000524,H1 2025,4
000525,H1 2025,3
000526,H1 2025,1
000527,H1 2025,1
000528,H1 2025,4
000529,H1 2025,4
000530,H1 2025,2
000531,H1 2025,3
000532,H1 2025,4
000533,H1 2025,2
000534,H1 2025,4
000536,H1 2025,3
000537,H1 2025,1
000539,H1 2025,2
000540,H1 2025,1
000541,H1 2025,4
000542,H1 2025,3
000544,H1 2025,4
000545,H1 2025,3
000546,H1 2025,2
000547,H1 2025,5
000548,H1 2025,3
000549,H1 2025,2
000550,H1 2025,4
000551,H1 2025,4
000552,H1 2025,5
000553,H1 2025,3
000554,H1 2025,3
000555,H1 2025,4
000556,H1 2025,3
000557,H1 2025,3
000558,H1 2025,4
000559,H1 2025,4
000560,H1 2025,4
000561,H1 2025,2
000562,H1 2025,2
000563,H1 2025,4
000564,H1 2025,3
000565,H1 2025,3
000567,H1 2025,3
000568,H1 2025,3
000569,H1 2025,3
000571,H1 2025,3
000572,H1 2025,4
000574,H1 2025,4
000575,H1 2025,3
000576,H1 2025,4
000577,H1 2025,5
000578,H1 2025,3
000579,H1 2025,4
000580,H1 2025,5
000581,H1 2025,3
000582,H1 2025,5
000583,H1 2025,2
000585,H1 2025,3
000587,H1 2025,5
000588,H1 2025,4
000589,H1 2025,4
000591,H1 2025,2
000592,H1 2025,4
000593,H1 2025,1
000594,H1 2025,3
000595,H1 2025,3
000597,H1 2025,3
000598,H1 2025,3
000599,H1 2025,3
000600,H1 2025,3
000101,H2 2025,4
000102,H2 2025,2
000104,H2 2025,5
000105,H2 2025,4
000106,H2 2025,3
000107,H2 2025,2
000110,H2 2025,4
000113,H2 2025,4
000114,H2 2025,3
000115,H2 2025,4
000116,H2 2025,4
000117,H2 2025,5
000118,H2 2025,4
000119,H2 2025,4
000120,H2 2025,4
000121,H2 2025,5
000122,H2 2025,3
000123,H2 2025,5
000124,H2 2025,4
000127,H2 2025,
000128,H2 2025,5
000129,H2 2025,4
000130,H2 2025,5
000131,H2 2025,4
000132,H2 2025,4
000133,H2 2025,1
000134,H2 2025,3
000135,H2 2025,3
000136,H2 2025,3
000137,H2 2025,3
000141,H2 2025,3
000142,H2 2025,5
000143,H2 2025,2
000144,H2 2025,3
000145,H2 2025,2
000146,H2 2025,3
000147,H2 2025,4
000148,H2 2025,3
000149,H2 2025,3
000150,H2 2025,3
000151,H2 2025,4
000152,H2 2025,4
000153,H2 2025,4
000155,H2 2025,2
000156,H2 2025,4
000157,H2 2025,3
000158,H2 2025,
000160,H2 2025,2
000162,H2 2025,3
000164,H2 2025,3
000165,H2 2025,4
000166,H2 2025,4
000167,H2 2025,3
000168,H2 2025,5
000170,H2 2025,3
000171,H2 2025,3
000172,H2 2025,3
000173,H2 2025,5
000174,H2 2025,4
000175,H2 2025,1
000176,H2 2025,4
000178,H2 2025,3
000179,H2 2025,4
000180,H2 2025,4
000181,H2 2025,3
000182,H2 2025,3
000183,H2 2025,3
000184,H2 2025,3
000185,H2 2025,3
000186,H2 2025,3
000187,H2 2025,4
000188,H2 2025,3
000189,H2 2025,3
000190,H2 2025,4
000191,H2 2025,3
000192,H2 2025,3
000193,H2 2025,5
000194,H2 2025,5
000195,H2 2025,3
000199,H2 2025,3
000200,H2 2025,5
000201,H2 2025,3
000202,H2 2025,4
000203,H2 2025,3
000204,H2 2025,3
000205,H2 2025,3
000206,H2 2025,3
000207,H2 2025,3
000208,H2 2025,3
000209,H2 2025,3
000210,H2 2025,2
000211,H2 2025,3
000212,H2 2025,3
000213,H2 2025,3
000214,H2 2025,3
000215,H2 2025,5
000216,H2 2025,4
000220,H2 2025,3
000222,H2 2025,1
000224,H2 2025,4
000225,H2 2025,5
000226,H2 2025,3
000227,H2 2025,4
000228,H2 2025,1
000231,H2 2025,1
000232,H2 2025,2
000233,H2 2025,4
000234,H2 2025,5
000235,H2 2025,2
000236,H2 2025,3
000237,H2 2025,4
000238,H2 2025,4
000239,H2 2025,3
000241,H2 2025,3
000242,H2 2025,3
000243,H2 2025,2
000244,H2 2025,4
000245,H2 2025,3
000246,H2 2025,5
000247,H2 2025,3
000248,H2 2025,3
000249,H2 2025,4
000250,H2 2025,3
000251,H2 2025,3
000252,H2 2025,4
000253,H2 2025,4
000254,H2 2025,3
000255,H2 2025,3
000256,H2 2025,2
000258,H2 2025,4
000259,H2 2025,4
000260,H2 2025,1
000261,H2 2025,3
000262,H2 2025,3
000263,H2 2025,3
000264,H2 2025,4
000265,H2 2025,3
000266,H2 2025,3
000267,H2 2025,4
000268,H2 2025,3
000270,H2 2025,4
000271,H2 2025,5
000272,H2 2025,4
000273,H2 2025,4
000275,H2 2025,4
000276,H2 2025,3
000279,H2 2025,1
000280,H2 2025,2
000283,H2 2025,4
000284,H2 2025,3
000285,H2 2025,1
000288,H2 2025,4
000289,H2 2025,3
000290,H2 2025,4
000291,H2 2025,3
000292,H2 2025,3
000293,H2 2025,4
000294,H2 2025,
000295,H2 2025,4
000296,H2 2025,3
000297,H2 2025,2
000298,H2 2025,3
000300,H2 2025,3
000302,H2 2025,3
000303,H2 2025,3
000304,H2 2025,4
000305,H2 2025,4
000306,H2 2025,1
000308,H2 2025,2
000309,H2 2025,1
000310,H2 2025,4
000311,H2 2025,3
000312,H2 2025,3
000313,H2 2025,5
000315,H2 2025,4
000316,H2 2025,4
000319,H2 2025,
000320,H2 2025,4
000321,H2 2025,3
000322,H2 2025,3
000323,H2 2025,4
000325,H2 2025,3
000326,H2 2025,3
000327,H2 2025,5
000328,H2 2025,4
000330,H2 2025,3
000331,H2 2025,1
000332,H2 2025,4
000333,H2 2025,3
000334,H2 2025,4
000335,H2 2025,2
000336,H2 2025,4
000337,H2 2025,3
000338,H2 2025,3
000339,H2 2025,4
000340,H2 2025,3
000341,H2 2025,5
000342,H2 2025,4
000343,H2 2025,5
000344,H2 2025,3
000345,H2 2025,4
000346,H2 2025,3
000347,H2 2025,3
000350,H2 2025,3
000351,H2 2025,4
000352,H2 2025,3
000353,H2 2025,3
000355,H2 2025,3
000356,H2 2025,4
000357,H2 2025,3
000358,H2 2025,4
000359,H2 2025,4
000361,H2 2025,5
000362,H2 2025,4
000363,H2 2025,3
000364,H2 2025,5
000365,H2 2025,3
000366,H2 2025,4
000368,H2 2025,4
000369,H2 2025,3
000370,H2 2025,4
000371,H2 2025,3
000372,H2 2025,4
000373,H2 2025,4
000374,H2 2025,5
000375,H2 2025,4
000377,H2 2025,5
000378,H2 2025,4
000379,H2 2025,4
000380,H2 2025,4
000381,H2 2025,3
000383,H2 2025,5
000384,H2 2025,4
000385,H2 2025,3
000386,H2 2025,3
000387,H2 2025,1
000388,H2 2025,4
000389,H2 2025,3
000390,H2 2025,3
000392,H2 2025,3
000393,H2 2025,5
000394,H2 2025,5
000395,H2 2025,3
000397,H2 2025,2
000398,H2 2025,4
000399,H2 2025,3
000400,H2 2025,4
000401,H2 2025,3
000402,H2 2025,4
000403,H2 2025,4
000404,H2 2025,3
000405,H2 2025,4
000406,H2 2025,4
000407,H2 2025,5
000408,H2 2025,4
000409,H2 2025,4
000410,H2 2025,1
000411,H2 2025,
000412,H2 2025,4
000414,H2 2025,3
000415,H2 2025,4
000416,H2 2025,3
000417,H2 2025,4
000418,H2 2025,3
000419,H2 2025,3
000420,H2 2025,3
000421,H2 2025,2
000423,H2 2025,4
000424,H2 2025,2
000425,H2 2025,3
000426,H2 2025,3
000427,H2 2025,5
000428,H2 2025,3
000431,H2 2025,3
000432,H2 2025,1
000433,H2 2025,3
000434,H2 2025,3
000436,H2 2025,4
000437,H2 2025,5
000438,H2 2025,4
000439,H2 2025,3
000440,H2 2025,3
000441,H2 2025,4
000442,H2 2025,3
000444,H2 2025,4
000445,H2 2025,4
000446,H2 2025,3
000448,H2 2025,5
000450,H2 2025,2
000452,H2 2025,2
000453,H2 2025,3
000454,H2 2025,3
000455,H2 2025,3
000457,H2 2025,4
000459,H2 2025,4
000462,H2 2025,4
000463,H2 2025,3
000464,H2 2025,3
000465,H2 2025,4
000467,H2 2025,5
000468,H2 2025,2
000469,H2 2025,3
000470,H2 2025,3
000471,H2 2025,2
000473,H2 2025,5
000474,H2 2025,3
000475,H2 2025,4
000476,H2 2025,4
000478,H2 2025,4
000479,H2 2025,4
000482,H2 2025,4
000483,H2 2025,4
000484,H2 2025,4
000485,H2 2025,3
000486,H2 2025,2
000487,H2 2025,4
000488,H2 2025,5
000490,H2 2025,2
000491,H2 2025,3
000492,H2 2025,3
000493,H2 2025,1
000494,H2 2025,5
000495,H2 2025,2
000496,H2 2025,3
000497,H2 2025,4
000498,H2 2025,4
000499,H2 2025,2
000500,H2 2025,3
000501,H2 2025,4
000502,H2 2025,5
000503,H2 2025,4
000504,H2 2025,3
000506,H2 2025,4
000507,H2 2025,3
000508,H2 2025,3
000509,H2 2025,3
000510,H2 2025,3
000511,H2 2025,4
000512,H2 2025,3
000513,H2 2025,3
000514,H2 2025,2
000516,H2 2025,4
000517,H2 2025,3
000518,H2 2025,1
000519,H2 2025,3
000521,H2 2025,5
000523,H2 2025,2
000524,H2 2025,3
000525,H2 2025,2
000526,H2 2025,3
000527,H2 2025,5
000528,H2 2025,3
000529,H2 2025,4
000530,H2 2025,3
000531,H2 2025,4
000532,H2 2025,4
000534,H2 2025,4
000535,H2 2025,5
000536,H2 2025,3
000537,H2 2025,3
000538,H2 2025,3
000539,H2 2025,2
000540,H2 2025,3
000541,H2 2025,3
000542,H2 2025,3
000543,H2 2025,2
000544,H2 2025,4
000545,H2 2025,4
000546,H2 2025,4
000547,H2 2025,4
000549,H2 2025,3
000550,H2 2025,3
000551,H2 2025,4
000552,H2 2025,4
000553,H2 2025,2
000554,H2 2025,3
000555,H2 2025,4
000556,H2 2025,3
000557,H2 2025,3
000558,H2 2025,3
000559,H2 2025,3
000560,H2 2025,3
000561,H2 2025,4
000562,H2 2025,3
000563,H2 2025,2
000564,H2 2025,3
000565,H2 2025,5
000567,H2 2025,3
000568,H2 2025,3
000569,H2 2025,3
000570,H2 2025,3
000571,H2 2025,1
000572,H2 2025,4
000573,H2 2025,5
000574,H2 2025,3
000575,H2 2025,5
000576,H2 2025,3
000577,H2 2025,3
000578,H2 2025,2
000579,H2 2025,3
000580,H2 2025,4
000581,H2 2025,4
000582,H2 2025,4
000583,H2 2025,3
000586,H2 2025,5
000587,H2 2025,2
000588,H2 2025,4
000589,H2 2025,4
000590,H2 2025,3
000591,H2 2025,4
000592,H2 2025,2
000593,H2 2025,3
000594,H2 2025,4
000595,H2 2025,3
000596,H2 2025,3
000597,H2 2025,4
000598,H2 2025,5
000600,H2 2025,3
